859.08,1763.46
230.32,1177.69
885.64,596.02
759.74,1129.64
402.03,1552.32
702.16,1437.46
297.12,2193.43
20.12,2779.81
667.10,1668.02
669.18,2447.09
476.58,1614.26
904.00,1812.04
562.25,1751.14
357.73,2155.00
38.01,1776.77
780.95,1728.98
649.51,1432.06
799.52,905.36
750.92,1673.71
814.16,777.00
608.61,1455.66
9.59,2049.62
196.29,1380.61
565.49,1534.70
154.20,991.51
575.38,1836.05
224.13,1957.45
139.30,1532.42
148.75,2212.63
911.68,2081.78
752.58,1673.10
788.97,859.55
172.68,1268.01
344.32,1768.28
608.29,
30.04,
303.18,
558.22,
745.20,
541.35,
759.93,
974.36,
549.51,
930.11,
176.02,
452.28,
156.18,
268.68,
934.26,
738.97,
449.15,
301.73,
230.30,
813.86,
796.54,
466.17,
18.44,
451.43,
582.02,
64.26,
311.70,
989.96,
834.82,
266.59,
833.03,
916.79,
554.03,
188.99,
299.25,
481.64,
951.72,
299.18,
691.06,
293.69,
946.44,
300.21,
79.81,
595.39,
461.97,
826.08,
669.43,
292.50,
142.39,
499.53,
147.60,
561.73,
292.87,
408.86,
433.08,
500.15,
267.35,
356.13,
119.49,
190.29,
817.09,
243.20,
312.19,
103.70,
923.74,
804.89,
926.11,
946.13,
777.10,
328.44,
823.99,
888.04,
17.60,
300.70,
39.93,
181.30,
411.72,
479.54,
606.30,
967.49,
383.24,
418.27,
986.06,
646.73,
292.17,
841.75,
538.67,
347.70,
366.64,
860.53,
625.31,
693.60,
455.14,
646.84,
562.47,
533.97,
503.28,
863.97,
34.54,
866.61,
172.76,
620.21,
879.63,
171.63,
656.94,
679.26,
515.14,
60.62,
154.08,
681.41,
485.18,
196.35,
374.15,
303.00,
25.24,
990.50,
230.77,
983.69,
677.51,
867.38,
930.62,
61.92,
589.70,
118.62,
981.75,
185.58,
365.39,
980.86,
238.99,
882.75,
126.41,
286.99,
358.69,
569.63,
373.78,
766.69,
356.91,
768.11,
372.86,
418.37,
841.26,
728.93,
33.82,
730.01,
727.50,
107.29,
997.59,
888.97,
402.44,
92.92,
173.03,
879.87,
138.08,
222.22,
498.90,
225.21,
206.62,
907.85,
411.17,
816.48,
94.98,
879.11,
858.07,
242.70,
715.43,
219.92,
125.73,
458.03,
195.01,
819.77,
617.35,
54.19,
363.96,
774.29,
404.31,
317.15,
676.85,
1.28,
742.21,
512.71,
510.30,
699.58,
38.22,
242.03,
680.77,
80.81,
421.39,
854.49,
469.26,
798.01,
124.60,
303.58,
556.82,
487.54,
987.95,
363.46,
224.44,
389.60,
761.56,
746.73,
45.81,
886.96,
953.70,
186.06,
325.78,
844.51,
147.55,
857.14,
108.13,
345.95,
489.67,
851.91,
300.58,
116.66,
345.27,
163.36,
261.78,
130.79,
679.58,
488.08,
307.50,
484.27,
110.85,
876.35,
483.59,
502.11,
348.17,
444.80,
857.08,
38.32,
225.76,
179.17,
791.92,
862.16,
807.55,
285.47,
250.03,
963.68,
353.43,
481.24,
568.99,
108.51,
150.14,
864.50,
353.43,
572.81,
636.29,
694.49,
573.24,
524.72,
635.65,
801.29,
469.65,
473.38,
291.76,
651.04,
131.85,
990.25,
368.01,
459.18,
212.44,
773.93,
33.29,
245.22,
953.63,
372.43,
92.90,
704.10,
977.54,
774.37,
899.24,
399.45,
983.46,
259.23,
616.81,
835.91,
440.73,
293.55,
687.34,
960.00,
949.34,
154.59,
890.31,
625.18,
793.09,
428.18,
168.33,
847.12,
706.05,
387.09,
741.45,
477.00,
651.66,
751.08,
783.05,
652.17,
206.11,
100.96,
651.07,
877.60,
775.25,
893.88,
414.57,
392.17,
47.73,
910.49,
581.99,
575.82,
431.66,
36.82,
116.41,
582.41,
19.79,
320.88,
576.62,
770.69,
766.40,
610.91,
956.64,
912.86,
644.90,
321.13,
833.69,
561.25,
753.97,
772.95,
710.89,
26.24,
24.89,
241.22,
475.24,
814.07,
586.56,
927.73,
393.99,
455.77,
737.75,
607.50,
647.65,
666.69,
640.08,
143.79,
227.16,
765.35,
420.19,
113.31,
146.03,
45.79,
957.33,
280.78,
649.25,
645.69,
575.37,
942.89,
755.14,
392.64,
110.49,
788.28,
419.09,
770.60,
517.37,
202.09,
621.72,
300.45,
225.61,
646.32,
902.64,
315.01,
433.09,
172.50,
108.23,
615.17,
19.41,
545.30,
821.67,
36.38,
699.32,
326.15,
677.77,
812.23,
542.53,
92.90,
506.26,
679.71,
727.52,
207.78,
279.36,
848.17,
632.50,
902.96,
914.88,
888.80,
571.59,
418.16,
269.39,
591.87,
617.07,
63.20,
427.68,
60.65,
619.06,
238.82,
789.60,
879.61,
223.57,
565.93,
79.89,
648.05,
923.24,
599.19,
818.38,
921.54,
682.67,
637.70,
404.44,
835.15,
33.55,
71.13,
465.00,
228.27,
426.08,
114.09,
531.56,
35.51,
268.65,
562.89,
827.51,
444.50,
813.85,
398.99,
573.64,
646.08,
984.87,
838.98,
762.25,
783.05,
845.34,
272.60,
676.91,
389.59,
207.11,
663.04,
286.84,
675.75,
889.84,
367.40,
592.16,
870.15,
187.76,
497.72,
860.63,
932.37,
327.89,
191.95,
643.08,
808.78,
894.43,
23.80,
630.14,
223.23,
736.46,
292.09,
655.16,
147.12,
995.86,
45.68,
386.78,
611.31,
868.27,
866.44,
745.47,
430.49,
623.12,
523.25,
731.29,
149.04,
733.43,
672.54,
334.61,
21.57,
630.68,
888.10,
142.58,
662.35,
809.79,
106.68,
508.44,
53.10,
220.20,
853.81,
633.21,
78.69,
669.13,
17.66,
721.43,
991.63,
93.86,
964.40,
420.14,
495.16,
310.51,
852.67,
42.51,
625.16,
276.45,
589.95,
52.06,
976.76,
464.88,
491.63,
944.89,
27.82,
630.10,
457.80,
977.57,
9.53,
970.01,
637.20,
529.42,
771.23,
192.05,
354.30,
616.15,
613.06,
403.57,
732.97,
878.57,
97.62,
875.90,
65.84,
689.89,
14.77,
667.24,
867.94,
450.73,
935.39,
395.99,
445.72,
272.60,
222.40,
714.09,
221.32,
36.72,
40.65,
231.47,
623.79,
729.54,
578.06,
234.58,
563.85,
212.59,
204.47,
775.36,
438.58,
262.70,
536.65,
519.40,
18.61,
805.03,
583.52,
207.41,
862.75,
678.56,
643.35,
269.38,
359.03,
573.39,
311.75,
895.09,
512.96,
37.17,
284.42,
633.13,
776.31,
667.97,
385.33,
707.36,
644.08,
531.23,
740.45,
471.28,
901.31,
848.30,
479.78,
41.32,
537.74,
170.78,
937.89,
334.42,
938.79,
131.82,
35.98,
776.76,
825.32,
559.19,
79.10,
867.53,
347.92,
721.08,
821.62,
354.82,
652.44,
448.59,
227.02,
368.30,
796.70,
240.13,
359.29,
954.75,
173.91,
993.09,
97.53,
467.46,
211.89,
33.45,
827.56,
642.74,
49.94,
66.60,
864.94,
344.85,
771.56,
236.83,
466.99,
773.43,
771.74,
232.58,
945.46,
757.14,
583.83,
688.48,
61.56,
899.34,
208.53,
538.69,
376.31,
265.00,
991.72,
694.19,
799.76,
977.42,
527.27,
661.97,
751.11,
103.58,
367.38,
393.82,
179.70,
868.99,
802.38,
571.62,
730.47,
111.60,
581.78,
419.87,
940.22,
321.97,
52.28,
538.40,
981.48,
424.57,
411.72,
120.21,
342.79,
826.14,
239.70,
268.33,
368.48,
834.01,
801.43,
853.80,
224.18,
311.22,
929.06,
535.06,
344.44,
207.64,
925.33,
171.43,
82.39,
123.10,
19.86,
405.57,
263.30,
282.80,
257.10,
478.14,
983.39,
235.22,
445.91,
822.31,
638.84,
257.58,
398.24,
59.03,
254.63,
652.26,
976.59,
387.68,
87.70,
44.80,
915.75,
894.09,
225.74,
896.21,
360.51,
25.48,
799.13,
715.75,
263.99,
60.19,
838.28,
259.55,
903.84,
395.83,
304.78,
259.80,
412.15,
824.22,
714.91,
954.89,
211.01,
661.61,
110.32,
353.58,
430.94,
405.09,
338.49,
733.37,
545.98,
91.98,
399.47,
161.12,
60.53,
688.68,
139.53,
807.49,
874.69,
273.84,
721.37,
292.27,
241.76,
321.43,
669.82,
112.92,
902.71,
180.86,
659.97,
369.77,
544.37,
488.85,
810.18,
376.29,
303.26,
413.33,
745.49,
696.91,
412.68,
723.82,
873.73,
210.67,
930.82,
558.48,
622.08,
383.85,
418.69,
961.79,
793.45,
576.51,
303.07,
856.42,
639.37,
467.63,
935.25,
433.70,
198.85,
413.21,
640.49,
67.71,
538.29,
137.85,
344.15,
934.38,
62.05,
12.68,
388.49,
268.10,
561.24,
25.63,
775.36,
256.29,
790.27,
336.85,
9.20,
148.16,
986.33,
531.78,
218.57,
169.87,
158.84,
874.67,
386.11,
579.54,
657.30,
380.48,
236.05,
307.88,
58.53,
881.76,
310.37,
128.40,
793.29,
965.49,
312.30,
736.89,
99.44,
55.58,
71.57,
641.41,
673.32,
179.78,
30.76,
627.39,
853.52,
974.20,
822.02,
604.56,
240.14,
745.54,
214.66,
365.36,
416.51,
207.41,
429.03,
576.94,
225.69,
906.19,
891.76,
527.51,
367.21,
86.81,
478.93,
659.72,
966.77,
916.93,
531.85,
723.56,
821.81,
518.28,
692.88,
786.62,
803.20,
391.21,
738.39,
460.85,
762.64,
228.81,
645.09,
678.98,
284.13,
340.12,
207.98,
223.25,
574.52,
346.21,
542.11,
954.33,
332.64,
995.37,
216.91,
484.66,
348.29,
174.50,
995.81,
535.20,
124.63,
422.69,
72.83,
124.77,
172.18,
482.93,
21.65,
498.77,
119.14,
701.35,
294.11,
766.07,
410.94,
834.35,
775.15,
340.39,
665.05,
563.50,
334.36,
16.38,
982.86,
428.52,
393.53,
68.75,
41.13,
577.53,
680.73,
900.71,
885.00,
853.02,
31.33,
561.35,
231.61,
310.01,
595.51,
770.49,
752.51,
626.93,
37.86,
334.90,
466.76,
931.72,
95.85,
897.05,
433.03,
551.51,
848.82,
130.08,
43.81,
433.11,
990.63,
775.25,
374.57,
427.99,
294.65,
192.99,
437.64,
831.13,
220.99,
699.88,
316.90,
313.72,
658.80,
252.53,
823.82,
60.60,
230.41,
864.05,
438.75,
966.20,
850.30,
897.58,
974.08,
717.72,
342.69,
804.32,
407.65,
922.99,
610.40,
480.33,
667.80,
115.15,
789.63,
717.03,
430.82,
381.43,
985.16,
155.86,
444.11,
438.52,
581.53,
13.06,
492.90,
850.63,
73.30,
96.10,
617.42,
858.13,
141.32,
536.03,
845.98,
170.47,
912.64,
18.14,
641.63,
490.06,
274.63,
222.17,
928.21,
176.00,
741.83,
865.39,
83.42,
971.81,
242.66,
513.67,
27.76,
650.83,
337.03,
188.25,
428.23,
565.83,
493.68,
59.24,
292.45,
371.10,
227.77,
768.47,
257.39,
418.61,
552.59,
846.59,
217.52,
90.62,
583.62,
434.42,
368.56,
607.25,
134.16,
534.09,
26.49,
977.89,
331.57,
698.91,
14.37,
667.16,
227.29,
767.62,
326.86,
368.81,
169.07,
53.13,
763.25,
968.16,
904.63,
295.82,
638.04,
587.60,
534.61,
401.31,
145.26,
959.92,
441.00,
103.53,
913.17,
354.39,
935.25,
926.40,
941.30,
880.78,
775.88,
973.85,
455.82,
857.26,
960.89,
787.58,
935.56,
4.08,
544.05,
253.66,
187.52,
95.60,
235.42,
674.29,
233.78,
235.59,
574.76,
205.93,
105.89,
787.76,
586.31,
455.30,
950.14,
79.78,
338.73,
815.23,
189.97,
160.39,
952.62,
270.78,
667.71,
779.91,
211.96,
319.80,
678.72,
53.41,
757.51,
111.00,
601.58,
871.27,
537.68,
18.40,
499.85,
318.85,
558.52,
498.31,
250.78,
413.59,
201.41,
401.54,
569.15,
461.81,
158.52,
436.96,
475.88,
757.79,
245.66,
901.93,
943.51,
517.78,
964.86,
420.66,
220.87,
375.91,
782.58,
54.75,
27.72,
600.00,
807.48,
427.16,
562.00,
523.87,
28.32,
272.74,
935.51,
200.15,
859.89,
881.91,
601.69,
737.92,
537.73,
266.47,
927.34,
254.60,
711.93,
12.94,
481.38,
158.92,
56.89,
741.14,
563.49,
353.03,
877.22,
1.51,
685.85,
590.80,
24.23,
381.16,
103.92,
892.67,
579.37,
155.85,
324.03,
232.96,
644.70,
48.42,
841.89,
633.73,
61.72,
344.03,
760.66,
889.73,
300.50,
833.86,
526.66,
401.68,
265.10,
624.76,
127.21,
163.89,
155.56,
293.33,
199.81,
730.75,
743.57,
697.58,
777.58,
946.31,
914.26,
396.31,
969.59,
990.60,
596.55,
370.01,
269.59,
656.25,
786.38,
364.82,
264.27,
44.62,
783.18,
158.67,
700.18,
891.03,
272.78,
767.83,
190.09,
289.80,
777.76,
727.40,
113.20,
228.56,
593.39,
568.92,
296.28,
125.04,
240.33,
632.78,
284.06,
441.62,
921.51,
286.33,
978.39,
696.79,
976.97,
823.38,
7.17,
113.96,
177.77,
327.20,
517.02,
887.34,
668.60,
691.86,
223.43,
331.46,
89.25,
642.77,
76.61,
264.73,
234.93,
689.11,
87.97,
532.85,
435.95,
214.96,
56.79,
542.46,
158.45,
89.57,
266.50,
388.58,
656.45,
147.46,
215.95,
265.14,
792.35,
105.34,
692.94,
359.03,
299.09,
473.15,
365.69,
164.67,
29.65,
73.17,
491.64,
929.02,
745.50,
266.63,
448.95,
255.02,
251.37,
301.00,
36.87,
159.13,
442.95,
358.41,
542.64,
527.05,
129.48,
359.39,
119.50,
547.35,
706.37,
960.66,
549.39,
925.67,
352.08,
428.45,
179.96,
513.09,
310.60,
191.79,
57.65,
210.34,
212.67,
96.86,
264.31,
837.05,
366.54,
445.56,
432.60,
62.25,
638.84,
388.33,
91.27,
203.21,
244.14,
4.97,
761.07,
281.75,
772.42,
513.83,
908.03,
455.55,
572.59,
836.69,
898.74,
949.57,
262.47,
656.79,
601.95,
33.24,
398.25,
952.40,
933.20,
900.19,
992.85,
239.31,
42.95,
215.76,
125.51,
169.81,
422.71,
48.82,
123.74,
80.92,
53.13,
872.03,
164.52,
485.99,
128.08,
383.25,
194.53,
366.97,
813.35,
410.14,
311.06,
370.93,
442.46,
419.22,
219.10,
396.95,
801.62,
809.93,
857.68,
565.67,
211.45,
780.03,
226.41,
374.63,
499.29,
531.19,
314.60,
195.86,
475.47,
296.14,
536.35,
23.01,
289.60,
295.37,
427.87,
910.97,
255.36,
420.23,
847.11,
556.45,
309.84,
148.71,
42.38,
609.05,
789.74,
368.82,
821.66,
94.20,
38.05,
251.48,
398.13,
295.20,
857.28,
218.19,
741.43,
37.36,
338.51,
877.93,
169.52,
112.03,
128.34,
614.87,
710.53,
378.24,
77.23,
373.93,
688.55,
971.89,
523.48,
689.86,
507.33,
921.47,
2.86,
594.57,
248.73,
121.34,
199.95,
474.64,
459.32,
555.57,
696.32,
953.30,
686.91,
969.36,
10.27,
31.42,
648.56,
642.30,
752.62,
219.43,
212.47,
880.87,
93.60,
611.95,
464.17,
8.01,
588.30,
342.50,
861.59,
20.00,
288.72,
502.66,
707.83,
256.11,
666.25,
486.74,
929.65,
964.89,
706.21,
582.21,
16.86,
498.90,
92.03,
541.28,
74.15,
311.34,
500.22,
272.86,
613.54,
27.36,
121.14,
561.09,
604.65,
749.33,
389.99,
227.28,
9.04,
278.64,
579.41,
362.85,
713.98,
649.77,
27.64,
618.80,
840.82,
652.22,
221.28,
143.54,
644.06,
821.63,
190.25,
761.55,
472.41,
71.35,
312.96,
82.18,
26.26,
708.34,
863.18,
168.85,
500.60,
157.60,
782.89,
655.82,
110.20,
502.44,
883.66,
883.42,
137.20,
0.78,
909.09,
357.39,
560.80,
120.88,
199.12,
119.64,
730.07,
797.29,
370.94,
789.92,
994.02,
844.33,
900.83,
139.93,
969.21,
670.25,
830.63,
358.28,
937.94,
987.46,
607.48,
684.93,
755.46,
762.41,
560.02,
945.36,
28.43,
882.95,
389.10,
317.35,
274.71,
224.17,
739.72,
669.21,
933.46,
126.62,
337.98,
771.59,
284.68,
286.84,
985.85,
267.95,
612.37,
899.17,
892.20,
855.36,
428.09,
51.98,
150.87,
101.23,
610.56,
918.95,
108.45,
52.20,
7.32,
489.47,
165.49,
682.99,
629.13,
563.34,
344.75,
25.67,
570.99,
531.54,
478.03,
596.06,
537.14,
67.91,
886.95,
929.18,
229.24,
224.31,
20.45,
329.05,
259.09,
475.94,
153.54,
198.88,
254.99,
823.58,
680.24,
46.01,
555.59,
291.90,
269.50,
744.90,
703.46,
922.43,
100.63,
16.69,
538.63,
705.79,
354.36,
875.83,
521.69,
20.91,
563.41,
638.94,
852.29,
101.69,
577.28,
572.21,
922.67,
484.41,
936.69,
632.38,
511.50,
927.63,
733.18,
234.80,
224.32,
961.74,
775.98,
937.95,
729.42,
36.70,
62.90,
251.23,
434.14,
757.92,
466.91,
905.19,
214.07,
643.19,
454.50,
864.89,
848.83,
595.08,
515.86,
665.11,
456.50,
812.89,
424.23,
495.82,
585.11,
473.01,
986.71,
657.23,
500.58,
374.06,
655.30,
237.48,
19.02,
755.93,
718.04,
80.60,
254.02,
963.20,
720.57,
600.36,
570.65,
622.48,
390.07,
579.87,
326.59,
641.38,
866.45,
601.23,
258.02,
11.35,
406.73,
114.66,
462.85,
890.56,
732.23,
288.01,
45.43,
641.05,
429.22,
473.92,
350.10,
730.20,
498.24,
519.08,
951.75,
264.02,
187.31,
254.21,
95.78,
793.08,
959.44,
574.15,
158.85,
332.26,
920.89,
869.86,
742.56,
270.25,
318.75,
411.37,
815.15,
73.62,
428.57,
883.84,
905.84,
838.33,
860.09,
637.31,
8.47,
294.81,
646.28,
848.31,
838.55,
518.81,
157.08,
338.55,
910.17,
613.95,
534.47,
575.18,
943.93,
348.24,
933.55,
376.95,
21.69,
246.53,
856.31,
257.56,
454.42,
838.83,
944.61,
559.93,
106.51,
462.51,
477.26,
863.83,
338.32,
986.42,
132.67,
504.03,
933.53,
965.47,
334.65,
24.81,
783.93,
623.87,
939.42,
975.95,
503.37,
529.88,
726.60,
173.81,
111.29,
340.24,
34.59,
805.33,
925.45,
479.31,
279.02,
927.18,
616.39,
594.54,
273.40,
533.83,
113.50,
51.17,
197.17,
951.79,
427.67,
541.83,
117.04,
832.77,
339.54,
168.20,
914.58,
718.40,
780.30,
694.55,
745.66,
795.31,
281.83,
325.47,
965.15,
780.13,
991.60,
40.41,
729.56,
579.06,
340.42,
619.16,
817.26,
716.76,
864.89,
401.80,
427.91,
802.87,
946.99,
557.12,
552.15,
923.92,
328.28,
211.33,
821.09,
324.70,
843.70,
761.88,
459.02,
833.91,
46.49,
310.86,
714.25,
939.76,
0.97,
804.31,
562.71,
329.12,
357.28,
237.92,
699.26,
387.60,
854.90,
938.90,
597.48,
110.37,
979.58,
409.40,
555.50,
625.22,
359.39,
123.48,
45.72,
323.38,
452.77,
668.01,
403.56,
278.80,
322.07,
164.91,
87.67,
836.03,
153.85,
197.67,
270.25,
164.22,
587.96,
408.68,
123.90,
169.01,
853.64,
939.00,
353.95,
214.09,
983.25,
784.93,
990.16,
915.58,
441.00,
256.66,
842.90,
862.55,
600.04,
317.06,
979.14,
804.29,
875.21,
977.17,
483.12,
968.90,
86.67,
6.79,
219.75,
894.33,
380.43,
942.25,
820.20,
652.69,
32.16,
51.73,
99.91,
58.11,
898.41,
432.34,
928.32,
108.39,
754.12,
19.21,
306.34,
255.27,
180.81,
356.04,
957.52,
470.52,
320.29,
574.67,
687.92,
109.66,
968.33,
343.52,
406.36,
783.92,
938.73,
273.77,
601.12,
807.04,
24.26,
612.29,
819.14,
357.74,
745.57,
401.43,
406.88,
232.06,
998.62,
72.94,
911.10,
969.28,
784.79,
145.39,
827.70,
435.51,
808.40,
357.25,
618.89,
8.70,
634.93,
79.34,
427.10,
213.54,
938.71,
360.56,
203.44,
181.38,
50.81,
417.52,
994.77,
427.30,
596.30,
735.04,
512.98,
645.31,
272.12,
854.34,
179.42,
896.87,
250.43,
360.56,
944.90,
67.65,
638.51,
713.40,
364.02,
537.80,
827.92,
410.72,
734.41,
207.32,
337.10,
907.79,
550.45,
286.52,
598.06,
646.13,
726.72,
541.24,
907.79,
377.81,
845.14,
138.04,
294.22,
709.76,
142.97,
659.75,
44.60,
205.02,
922.53,
787.15,
508.36,
622.57,
424.66,
462.32,
48.59,
11.54,
973.75,
832.11,
311.87,
182.97,
921.16,
576.32,
615.53,
188.90,
891.56,
459.88,
321.98,
698.34,
279.20,
544.87,
357.54,
484.29,
686.45,
429.17,
327.80,
646.43,
544.02,
533.14,
521.83,
745.93,
51.05,
554.82,
28.37,
523.90,
973.37,
817.81,
693.38,
132.03,
404.06,
14.33,
247.87,
679.80,
436.65,
436.21,
929.94,
621.41,
91.55,
639.13,
83.04,
327.69,
676.74,
366.67,
313.49,
209.51,
482.35,
783.54,
902.74,
739.02,
41.92,
43.34,
267.73,
679.27,
447.02,
857.85,
983.55,
264.89,
68.79,
79.77,
417.74,
140.90,
404.97,
384.09,
533.27,
770.30,
69.78,
777.05,
308.99,
969.00,
15.45,
915.82,
158.95,
194.83,
720.67,
561.93,
578.41,
867.02,
586.19,
981.52,
591.27,
751.30,
698.54,
501.04,
726.19,
245.18,
969.09,
351.01,
942.72,
519.62,
461.28,
879.40,
554.63,
266.09,
923.21,
3.76,
280.48,
507.16,
46.44,
398.99,
308.06,
626.35,
319.78,
262.20,
701.83,
141.57,
847.61,
592.75,
772.16,
527.79,
572.36,
222.89,
238.47,
862.87,
191.11,
875.15,
13.83,
565.92,
533.37,
258.35,
571.22,
245.96,
613.64,
359.73,
806.47,
313.97,
810.13,
95.73,
39.20,
233.40,
471.58,
175.43,
276.19,
767.70,
334.27,
563.84,
606.57,
377.86,
912.68,
22.40,
384.11,
321.85,
85.91,
312.08,
121.46,
351.80,
559.95,
790.27,
726.55,
340.89,
920.74,
513.01,
430.45,
689.23,
813.32,
779.20,
860.68,
468.22,
741.92,
331.45,
91.39,
139.24,
588.56,
380.46,
869.35,
75.71,
345.35,
929.11,
104.86,
173.52,
787.51,
284.10,
665.77,
438.15,
323.23,
101.37,
962.48,
857.59,
161.18,
978.54,
372.51,
923.40,
638.09,
30.12,
49.07,
369.23,
700.38,
671.29,
206.71,
699.59,
257.90,
918.72,
455.99,
37.53,
698.57,
39.82,
30.41,
648.46,
581.26,
962.26,
974.67,
544.49,
615.49,
368.48,
903.14,
924.73,
364.48,
146.02,
450.80,
584.34,
665.77,
833.24,
228.01,
921.53,
298.79,
389.40,
718.78,
875.02,
742.58,
307.13,
274.34,
510.40,
247.45,
991.74,
278.45,
711.71,
643.94,
328.29,
488.69,
29.20,
905.74,
743.83,
659.78,
68.12,
274.77,
512.39,
683.70,
999.53,
562.83,
196.03,
449.50,
969.86,
258.90,
170.06,
618.16,
910.06,
666.77,
999.19,
773.06,
497.85,
244.40,
922.57,
94.90,
794.75,
828.34,
316.19,
645.83,
653.39,
428.69,
984.94,
900.51,
756.76,
416.92,
288.31,
109.59,
941.41,
188.34,
191.57,
955.12,
414.08,
999.86,
178.82,
8.92,
435.10,
648.88,
687.22,
205.54,
738.40,
227.98,
536.70,
728.67,
717.85,
782.16,
747.24,
930.58,
571.38,
439.69,
584.67,
212.65,
648.71,
485.67,
149.61,
600.54,
875.42,
170.87,
476.54,
410.10,
38.41,
34.98,
172.32,
844.83,
180.47,
672.47,
431.27,
120.50,
383.81,
10.38,
954.90,
841.32,
761.94,
457.05,
655.95,
197.22,
410.02,
452.95,
464.52,
433.73,
277.81,
680.62,
298.80,
33.14,
636.32,
576.72,
409.12,
460.64,
116.13,
806.33,
738.29,
367.09,
616.62,
378.75,
472.42,
503.85,
193.78,
271.35,
418.46,
528.48,
354.97,
369.90,
740.00,
416.30,
816.77,
973.52,
699.61,
883.37,
868.16,
966.62,
884.06,
712.19,
52.15,
774.22,
545.38,
151.23,
416.01,
365.72,
272.81,
557.60,
509.12,
29.52,
399.00,
446.17,
629.73,
672.72,
725.72,
743.32,
886.71,
129.63,
229.05,
476.68,
815.58,
591.84,
219.66,
174.40,
72.63,
443.19,
317.38,
535.99,
587.47,
545.68,
644.00,
544.37,
103.50,
625.40,
799.10,
232.30,
435.77,
112.53,
226.70,
770.74,
828.67,
414.50,
889.14,
43.27,
349.45,
880.68,
407.63,
100.52,
895.11,
906.51,
278.96,
988.23,
526.42,
409.57,
362.87,
687.20,
388.52,
699.93,
927.37,
958.51,
395.68,
113.83,
216.64,
728.35,
403.67,
9.86,
902.63,
449.17,
584.23,
37.68,
63.30,
374.96,
672.39,
103.64,
601.71,
686.45,
21.74,
279.76,
575.90,
440.53,
805.53,
997.78,
51.34,
585.93,
942.62,
976.80,
58.61,
108.22,
218.79,
630.24,
244.16,
885.96,
184.49,
261.40,
326.46,
822.78,
101.35,
7.69,
573.46,
329.84,
415.90,
452.48,
600.90,
644.37,
583.49,
447.95,
299.44,
760.21,
349.82,
669.24,
519.15,
773.88,
839.95,
726.37,
755.78,
667.43,
377.26,
973.57,
857.19,
297.04,
197.01,
162.32,
331.04,
634.39,
103.34,
997.01,
635.42,
333.88,
948.29,
158.18,
942.42,
991.71,
212.10,
41.86,
421.99,
663.76,
223.21,
236.77,
187.90,
88.58,
931.95,
672.64,
242.65,
602.25,
270.81,
892.37,
611.92,
149.45,
196.35,
740.57,
207.93,
304.76,
880.60,
706.31,
479.40,
279.09,
692.45,
887.47,
873.58,
625.47,
577.63,
661.45,
386.73,
922.43,
901.00,
840.46,
465.52,
457.42,
912.36,
27.82,
601.45,
937.53,
106.20,
743.90,
395.19,
634.44,
360.25,
368.87,
631.27,
729.46,
720.26,
463.49,
766.36,
674.57,
86.15,
149.17,
448.57,
764.93,
131.98,
880.16,
364.11,
344.64,
775.00,
691.42,
536.10,
201.62,
861.02,
744.22,
207.06,
913.03,
881.42,
24.57,
927.56,
205.57,
776.40,
603.00,
426.96,
678.17,
503.99,
383.21,
280.48,
449.92,
523.05,
399.19,
952.13,
3.39,
954.45,
712.89,
720.12,
281.45,
983.73,
211.76,
76.10,
109.11,
901.00,
379.14,
787.30,
555.20,
775.80,
642.31,
123.87,
242.47,
665.82,
884.81,
438.81,
294.11,
748.11,
143.89,
56.96,
332.67,
19.17,
428.62,
36.61,
11.30,
46.42,
627.40,
244.11,
220.98,
655.79,
320.28,
398.36,
153.42,
337.60,
499.29,
519.98,
900.33,
840.32,
36.40,
570.69,
322.62,
296.11,
104.68,
1.07,
120.17,
164.61,
765.82,
542.73,
938.46,
236.85,
753.99,
43.46,
814.28,
326.46,
599.83,
959.14,
96.63,
929.68,
983.58,
301.01,
981.06,
549.04,
531.21,
441.74,
635.99,
28.02,
841.82,
759.80,
448.36,
40.04,
664.40,
683.91,
596.20,
400.63,
900.75,
858.26,
735.88,
873.30,
415.19,
327.51,
647.12,
635.81,
537.03,
994.33,
747.36,
73.69,
704.37,
720.85,
247.85,
502.04,
362.74,
377.27,
151.76,
412.37,
778.70,
113.89,
794.55,
422.25,
633.12,
639.51,
419.42,
249.27,
411.82,
412.03,
164.58,
528.69,
749.39,
153.58,
649.80,
352.46,
614.41,
16.55,
856.99,
345.79,
382.87,
671.99,
54.30,
958.10,
856.41,
314.27,
218.75,
39.12,
598.16,
236.25,
541.93,
497.65,
412.65,
224.83,
75.88,
183.94,
307.80,
77.95,
584.76,
837.27,
480.46,
394.00,
958.00,
554.66,
659.39,
91.75,
800.26,
77.87,
402.02,
249.51,
16.07,
9.10,
164.69,
801.85,
138.01,
416.13,
204.57,
996.01,
867.12,
475.22,
794.82,
678.36,
464.69,
316.45,
884.29,
641.65,
3.97,
235.50,
338.70,
568.95,
269.72,
351.32,
777.50,
935.91,
734.76,
258.43,
524.35,
49.79,
179.01,
931.37,
563.63,
640.32,
87.42,
738.63,
750.28,
459.48,
192.84,
566.12,
993.85,
59.09,
553.50,
595.99,
267.88,
359.13,
332.25,
407.73,
951.85,
176.07,
643.03,
72.54,
582.34,
365.79,
388.44,
901.60,
505.69,
436.93,
73.25,
648.40,
474.99,
766.79,
234.89,
672.25,
100.71,
963.62,
838.51,
404.72,
188.37,
723.03,
159.74,
493.10,
151.52,
352.54,
776.67,
688.17,
41.75,
401.82,
485.83,
393.32,
328.59,
460.21,
690.58,
790.64,
926.48,
466.37,
138.02,
266.22,
638.30,
4.23,
617.08,
96.41,
445.49,
552.82,
77.13,
627.90,
630.74,
54.92,
660.90,
169.80,
21.41,
76.14,
677.98,
829.04,
883.50,
905.29,
349.62,
173.24,
679.13,
897.26,
77.68,
758.46,
908.48,
262.46,
583.49,
90.95,
860.15,
936.71,
393.26,
634.93,
698.46,
985.11,
598.64,
417.99,
378.96,
487.52,
952.48,
304.74,
672.64,
209.64,
702.74,
964.04,
413.19,
103.73,
882.16,
487.57,
893.29,
475.51,
686.59,
705.65,
487.56,
245.71,
1.08,
222.98,
795.75,
453.73,
506.03,
102.82,
616.48,
565.96,
986.82,
564.16,
956.27,
364.15,
167.40,
463.67,
122.49,
342.54,
474.34,
726.43,
531.48,
63.89,
656.19,
49.73,
397.02,
431.86,
850.97,
465.04,
228.25,
854.10,
444.25,
673.71,
941.28,
126.57,
865.86,
791.76,
796.44,
87.34,
122.58,
242.50,
457.90,
465.99,
790.83,
703.94,
387.69,
224.25,
238.64,
547.44,
32.39,
720.31,
174.66,
760.31,
916.27,
921.71,
616.19,
577.05,
153.82,
681.04,
166.12,
933.25,
285.16,
487.52,
992.59,
988.51,
842.09,
903.46,
413.52,
410.87,
420.56,
415.55,
468.91,
630.33,
917.43,
659.04,
446.98,
543.25,
125.05,
101.33,
645.58,
437.18,
321.27,
889.91,
538.95,
455.77,
977.14,
682.76,
600.48,
550.84,
74.21,
785.74,
97.68,
162.05,
45.27,
567.17,
371.38,
390.58,
725.38,
509.47,
66.10,
68.25,
242.21,
466.60,
196.42,
117.16,
193.42,
736.22,
684.22,
918.83,
94.83,
938.24,
168.47,
183.98,
480.36,
520.38,
823.63,
114.30,
421.16,
296.71,
345.34,
383.45,
581.41,
554.49,
765.30,
761.29,
197.32,
755.44,
967.48,
490.82,
855.63,
608.99,
66.13,
266.42,
272.60,
617.03,
387.12,
538.70,
146.23,
88.58,
271.58,
683.46,
396.12,
374.25,
297.10,
533.80,
449.22,
798.98,
365.66,
536.15,
544.20,
744.34,
598.27,
5.01,
648.16,
114.93,
642.49,
365.91,
904.92,
48.25,
153.40,
216.72,
21.27,
256.05,
334.53,
634.20,
714.98,
148.06,
143.60,
2.67,
861.34,
330.98,
282.57,
827.11,
687.21,
24.54,
340.77,
665.92,
552.63,
901.89,
577.14,
730.75,
26.21,
728.62,
654.21,
147.35,
717.98,
815.27,
856.00,
266.50,
540.95,
465.68,
33.59,
589.92,
928.80,
389.55,
240.29,
88.53,
581.63,
855.34,
134.02,
105.11,
231.27,
226.13,
639.58,
183.14,
790.29,
646.10,
822.88,
688.02,
435.00,
104.61,
378.38,
844.95,
130.10,
802.72,
478.92,
858.95,
239.50,
218.61,
751.09,
699.39,
362.99,
722.27,
724.24,
589.43,
707.52,
968.44,
382.50,
259.31,
701.92,
262.61,
836.89,
863.35,
509.94,
192.63,
454.78,
982.86,
702.55,
571.37,
602.73,
146.79,
498.40,
579.33,
946.68,
163.50,
742.08,
136.29,
506.72,
529.21,
904.35,
610.81,
199.35,
755.36,
384.94,
657.35,
444.41,
785.66,
128.07,
560.70,
809.43,
972.17,
23.97,
473.69,
132.87,
360.50,
111.22,
253.72,
597.97,
205.73,
109.03,
824.15,
388.56,
665.15,
549.63,
880.24,
449.99,
168.05,
709.57,
473.86,
244.90,
300.11,
351.48,
695.02,
851.46,
993.11,
910.88,
561.29,
184.67,
851.85,
196.33,
343.96,
975.24,
397.82,
543.79,
765.01,
370.75,
567.15,
747.25,
626.17,
398.94,
811.24,
101.75,
598.19,
432.34,
903.93,
953.32,
406.83,
342.81,
464.19,
589.34,
698.28,
736.35,
653.51,
82.72,
480.76,
96.88,
47.74,
930.75,
434.36,
322.72,
997.82,
588.61,
118.17,
599.44,
643.02,
586.08,
127.37,
969.79,
811.99,
692.89,
54.47,
848.88,
15.65,
898.91,
382.51,
662.94,
124.50,
0.27,
478.90,
509.16,
774.37,
735.29,
550.99,
474.10,
923.11,
791.74,
546.70,
951.00,
113.71,
392.38,
251.46,
331.73,
724.43,
509.04,
960.05,
701.51,
689.95,
450.36,
903.95,
365.08,
367.62,
227.18,
630.77,
972.54,
659.19,
455.37,
385.38,
713.54,
91.99,
899.88,
180.31,
60.09,
206.53,
369.97,
897.61,
240.39,
803.14,
728.41,
87.08,
16.59,
597.18,
652.82,
143.41,
126.54,
190.32,
854.85,
686.41,
673.34,
691.86,
122.87,
602.86,
710.46,
3.35,
16.16,
86.44,
192.72,
563.88,
23.14,
357.54,
592.87,
559.02,
301.11,
546.65,
983.05,
440.58,
595.29,
631.22,
675.27,
997.78,
870.37,
957.32,
541.38,
470.59,
409.43,
883.75,
956.06,
766.11,
585.42,
947.89,
423.20,
164.79,
337.37,
151.20,
898.85,
409.20,
1.94,
568.62,
196.52,
813.08,
694.35,
448.04,
271.75,
199.21,
945.18,
397.06,
745.57,
38.80,
969.50,
650.31,
235.38,
426.91,
702.75,
324.88,
826.51,
25.33,
407.29,
836.54,
933.00,
375.04,
245.18,
166.51,
52.00,
930.21,
884.05,
619.31,
374.76,
851.13,
961.07,
831.73,
378.18,
584.96,
33.50,
29.96,
216.55,
83.81,
525.81,
578.62,
344.98,
923.92,
631.84,
68.52,
19.26,
887.82,
666.59,
82.28,
844.72,
426.33,
19.66,
618.91,
535.26,
361.00,
336.30,
88.25,
646.45,
929.95,
460.72,
411.96,
5.71,
223.45,
829.87,
673.93,
541.74,
632.59,
765.78,
441.46,
220.77,
143.49,
842.28,
86.56,
490.11,
142.24,
434.57,
136.61,
281.61,
24.23,
193.23,
278.87,
760.82,
86.18,
976.53,
14.36,
53.73,
295.77,
843.87,
827.67,
970.96,
559.00,
336.33,
822.39,
468.02,
849.75,
701.43,
427.15,
917.40,
740.69,
792.51,
335.70,
399.72,
306.61,
598.55,
415.62,
324.90,
694.18,
117.29,
479.70,
792.79,
250.71,
85.98,
349.77,
692.31,
329.78,
673.80,
750.12,
827.56,
125.67,
991.53,
366.72,
534.79,
593.46,
974.65,
158.18,
33.31,
900.67,
356.90,
331.42,
641.65,
204.37,
939.69,
473.89,
536.58,
887.73,
65.89,
44.14,
167.80,
931.69,
395.44,
664.04,
51.53,
710.47,
230.77,
350.90,
533.52,
613.49,
707.24,
292.91,
237.84,
545.41,
516.40,
355.60,
300.47,
672.43,
779.25,
169.82,
723.67,
96.58,
688.26,
487.21,
130.40,
89.07,
507.02,
170.24,
389.32,
34.14,
665.06,
289.84,
666.08,
758.42,
213.32,
96.47,
379.87,
777.13,
72.32,
680.94,
188.46,
720.20,
908.99,
623.08,
229.83,
179.11,
643.91,
231.13,
436.58,
674.09,
806.35,
865.81,
141.66,
623.36,
541.88,
502.86,
868.10,
521.34,
905.25,
264.16,
302.94,
411.96,
938.74,
162.52,
783.51,
783.43,
984.94,
431.94,
576.02,
139.25,
520.37,
385.06,
695.42,
580.80,
132.48,
677.66,
859.46,
782.46,
907.70,
526.67,
34.46,
110.19,
296.59,
47.85,
530.90,
970.20,
47.58,
901.25,
650.78,
697.59,
903.20,
752.76,
984.42,
687.28,
205.71,
1.47,
402.20,
788.57,
467.78,
850.29,
382.46,
830.06,
407.38,
556.33,
692.21,
708.83,
811.16,
833.62,
685.05,
904.44,
172.70,
841.21,
158.85,
979.97,
382.50,
382.35,
579.34,
279.44,
746.03,
777.72,
831.46,
804.94,
564.64,
975.67,
252.89,
873.81,
582.38,
588.37,
570.83,
706.21,
242.42,
229.72,
198.23,
617.05,
107.53,
136.79,
919.82,
916.44,
745.08,
594.13,
663.22,
909.74,
598.31,
990.53,
269.21,
626.40,
467.25,
602.82,
602.89,
497.06,
514.90,
398.05,
325.00,
393.94,
329.55,
871.83,
453.17,
292.99,
964.46,
881.31,
307.67,
121.96,
175.51,
971.93,
144.20,
866.84,
190.37,
574.54,
876.69,
997.01,
124.21,
88.12,
933.13,
291.24,
649.67,
252.61,
290.83,
532.01,
286.15,
329.37,
843.10,
850.20,
199.87,
431.54,
349.80,
452.08,
193.04,
225.93,
512.61,
617.83,
272.16,
158.69,
46.35,
567.50,
502.48,
842.47,
428.93,
151.49,
67.12,
85.57,
821.68,
441.39,
437.36,
620.56,
153.89,
787.74,
94.23,
345.75,
370.66,
256.54,
709.92,
443.42,
398.50,
48.65,
99.99,
288.23,
919.45,
909.22,
223.55,
664.56,
866.70,
734.37,
943.70,
351.92,
588.50,
597.26,
890.78,
136.59,
300.45,
940.55,
939.19,
981.52,
415.28,
760.10,
144.98,
286.86,
131.75,
171.04,
521.66,
168.03,
31.21,
228.36,
170.81,
31.85,
439.61,
583.71,
909.37,
501.61,
438.35,
14.00,
423.78,
423.13,
991.55,
570.12,
831.62,
723.33,
108.88,
544.52,
705.50,
880.30,
359.89,
437.81,
852.77,
624.16,
390.10,
649.99,
943.51,
689.38,
659.35,
266.55,
506.35,
519.28,
870.59,
522.32,
52.77,
588.06,
62.43,
163.03,
357.79,
81.71,
51.81,
331.79,
774.05,
299.73,
123.67,
472.76,
408.64,
340.67,
154.68,
192.11,
63.16,
62.57,
935.33,
611.42,
270.52,
835.68,
989.31,
393.68,
102.42,
230.06,
271.55,
116.92,
339.27,
538.31,
131.70,
13.31,
382.00,
165.99,
778.70,
830.09,
126.33,
620.67,
910.54,
71.38,
143.35,
55.20,
786.36,
184.39,
345.53,
42.77,
689.15,
781.28,
677.29,
936.77,
99.73,
549.24,
627.47,
643.41,
880.42,
755.56,
41.75,
311.58,
698.18,
543.88,
825.50,
949.85,
205.07,
573.07,
703.56,
41.25,
521.36,
887.90,
942.79,
328.64,
889.95,
462.67,
3.08,
67.12,
0.69,
364.84,
642.70,
287.41,
155.02,
609.76,
691.61,
663.92,
598.18,
405.73,
751.11,
583.07,
763.51,
470.89,
950.87,
24.64,
602.59,
256.74,
323.45,
97.00,
662.06,
688.51,
604.26,
426.91,
395.36,
889.93,
504.35,
544.24,
429.78,
534.17,
135.69,
79.59,
652.37,
512.81,
172.89,
731.41,
891.97,
757.24,
155.59,
900.02,
939.87,
963.13,
952.58,
106.97,
978.80,
977.11,
841.53,
301.14,
903.19,
156.46,
824.77,
540.72,
644.06,
660.20,
13.32,
190.36,
885.25,
432.37,
545.93,
647.85,
319.50,
784.57,
332.47,
419.62,
958.20,
946.92,
655.40,
8.39,
570.27,
41.65,
352.08,
199.53,
868.55,
410.14,
598.00,
177.03,
760.74,
398.22,
192.64,
299.40,
150.75,
297.47,
409.62,
826.43,
601.24,
683.43,
730.06,
815.78,
447.97,
267.20,
914.94,
752.88,
41.99,
590.84,
567.67,
901.14,
751.33,
446.44,
905.20,
207.05,
104.89,
622.40,
98.00,
956.87,
874.06,
26.82,
537.17,
555.08,
19.62,
600.09,
982.37,
255.03,
931.28,
851.52,
220.36,
449.96,
963.35,
118.63,
331.13,
717.94,
133.72,
336.89,
744.16,
939.17,
622.61,
463.27,
438.03,
170.20,
224.29,
724.71,
799.59,
268.29,
982.49,
608.54,
475.90,
237.37,
765.20,
238.44,
25.54,
301.82,
743.05,
741.62,
552.62,
134.82,
362.72,
994.48,
292.53,
638.45,
947.92,
312.14,
197.91,
110.44,
360.42,
918.38,
506.65,
197.07,
149.89,
99.29,
275.65,
995.74,
327.62,
478.84,
991.35,
178.94,
516.19,
978.16,
538.25,
360.37,
769.52,
201.31,
555.38,
0.34,
963.88,
766.05,
20.15,
304.53,
244.86,
969.45,
600.50,
127.54,
676.46,
266.85,
894.58,
2.14,
981.66,
740.17,
292.24,
427.76,
488.47,
843.81,
707.86,
936.62,
278.68,
955.77,
616.19,
786.84,
377.00,
247.51,
126.90,
474.15,
578.65,
493.73,
650.17,
14.04,
274.83,
716.38,
235.16,
132.17,
272.75,
550.47,
694.70,
530.85,
823.53,
582.84,
807.81,
145.01,
436.00,
122.35,
817.36,
832.28,
568.30,
730.75,
219.68,
557.95,
413.65,
278.31,
138.91,
907.36,
593.13,
589.91,
722.10,
468.05,
98.17,
614.43,
660.48,
560.36,
705.28,
250.90,
172.30,
605.29,
797.98,
527.36,
293.32,
889.07,
527.25,
820.73,
825.76,
898.63,
230.74,
526.47,
72.44,
321.25,
885.07,
151.11,
897.14,
395.23,
880.43,
123.13,
612.77,
49.47,
595.12,
673.25,
846.89,
952.57,
361.98,
947.38,
784.75,
452.72,
817.51,
480.19,
410.14,
270.21,
996.95,
374.57,
781.90,
373.23,
367.08,
205.44,
735.66,
108.16,
81.47,
799.31,
118.69,
396.68,
868.83,
248.53,
40.95,
955.99,
769.19,
192.40,
310.53,
114.40,
226.90,
798.63,
64.32,
378.58,
398.95,
615.71,
161.77,
316.23,
971.96,
595.12,
681.39,
352.43,
68.66,
660.06,
18.60,
308.65,
115.08,
440.49,
555.98,
307.84,
971.85,
310.66,
51.70,
304.00,
687.34,
698.21,
757.19,
722.10,
430.80,
712.08,
954.36,
471.81,
137.62,
444.64,
735.84,
278.28,
374.51,
823.47,
351.17,
251.50,
477.43,
340.26,
595.85,
967.61,
805.70,
180.21,
784.31,
435.04,
241.11,
935.80,
111.24,
782.85,
409.31,
85.50,
973.95,
885.43,
586.58,
506.75,
89.26,
996.23,
156.09,
484.51,
606.24,
960.13,
701.76,
783.46,
714.52,
190.77,
296.56,
245.90,
126.87,
514.23,
436.29,
355.30,
535.48,
246.39,
708.94,
469.30,
130.28,
572.19,
539.02,
687.92,
596.19,
759.03,
493.87,
581.22,
348.85,
785.98,
80.97,
412.62,
883.44,
24.09,
306.32,
982.43,
705.15,
189.15,
690.52,
983.24,
153.89,
514.41,
263.85,
755.53,
919.81,
246.96,
357.69,
498.59,
715.04,
455.32,
478.18,
501.38,
959.32,
710.16,
736.96,
231.54,
100.60,
659.61,
838.93,
430.94,
671.12,
936.42,
285.34,
687.03,
155.68,
336.59,
155.99,
680.50,
935.31,
426.95,
807.37,
181.50,
414.24,
634.45,
202.40,
621.99,
669.06,
381.38,
609.77,
606.58,
898.82,
60.80,
458.92,
942.86,
503.21,
494.44,
639.58,
43.70,
961.33,
33.22,
295.80,
589.50,
438.89,
934.17,
449.19,
212.66,
680.45,
537.12,
691.49,
458.60,
262.76,
223.82,
920.50,
698.04,
435.66,
103.92,
224.38,
793.82,
820.18,
899.65,
274.72,
76.32,
790.44,
566.37,
829.15,
459.33,
938.90,
19.22,
532.67,
786.10,
776.45,
680.87,
101.13,
569.76,
61.65,
122.49,
109.06,
310.99,
649.12,
170.37,
710.12,
660.35,
493.21,
544.98,
964.00,
338.20,
271.89,
438.88,
819.38,
995.65,
203.92,
10.89,
498.16,
368.68,
127.72,
390.27,
778.51,
670.39,
358.48,
851.32,
739.60,
858.81,
600.48,
74.63,
599.23,
882.51,
683.89,
2.55,
200.38,
733.48,
43.35,
7.86,
185.13,
699.13,
149.22,
774.92,
9.59,
957.04,
989.67,
594.10,
760.40,
151.71,
775.67,
248.01,
103.77,
282.16,
705.92,
567.04,
822.98,
133.74,
770.48,
420.63,
578.90,
243.42,
878.24,
942.64,
430.13,
839.19,
211.86,
360.02,
272.33,
280.03,
645.73,
653.90,
673.87,
56.89,
412.56,
246.77,
165.95,
761.45,
734.17,
841.85,
95.83,
503.87,
558.65,
476.46,
156.06,
190.01,
206.09,
159.23,
449.29,
668.68,
542.97,
116.23,
994.92,
732.41,
964.27,
409.31,
271.81,
303.62,
152.19,
423.12,
3.10,
322.71,
341.63,
978.26,
149.80,
438.70,
156.38,
313.69,
673.71,
351.34,
453.73,
575.94,
981.06,
417.41,
389.11,
459.85,
210.62,
835.00,
471.15,
525.06,
428.31,
693.28,
337.08,
665.37,
444.02,
339.24,
67.88,
742.16,
506.93,
304.30,
279.95,
902.64,
832.92,
259.71,
403.38,
638.91,
897.14,
216.74,
380.74,
795.77,
443.47,
462.15,
656.88,
854.87,
183.59,
952.95,
199.80,
342.34,
270.32,
815.41,
866.20,
645.14,
998.04,
551.11,
343.67,
802.51,
455.02,
959.51,
552.94,
433.28,
510.09,
522.63,
711.28,
61.23,
881.65,
776.63,
843.84,
467.84,
230.37,
201.49,
883.32,
42.25,
870.84,
146.12,
62.45,
826.52,
107.38,
764.48,
583.16,
136.64,
88.76,
121.63,
296.79,
426.12,
370.54,
556.06,
709.04,
737.05,
819.98,
26.62,
700.49,
722.85,
471.30,
453.89,
520.11,
856.53,
979.39,
881.03,
753.87,
375.03,
458.57,
161.85,
180.43,
128.15,
915.78,
752.57,
303.55,
135.04,
370.67,
358.09,
725.82,
201.84,
738.47,
528.06,
941.48,
828.21,
629.93,
916.74,
870.70,
728.72,
196.83,
378.87,
988.96,
399.88,
134.44,
756.70,
251.07,
538.93,
674.56,
310.23,
430.73,
424.04,
687.81,
203.12,
400.47,
163.61,
467.91,
65.65,
36.56,
688.43,
146.92,
820.76,
805.82,
34.94,
614.29,
123.94,
643.62,
114.45,
465.70,
634.17,
396.53,
549.17,
949.73,
101.62,
868.87,
448.34,
459.83,
922.26,
583.75,
724.79,
869.50,
35.29,
924.41,
928.08,
969.12,
513.06,
9.67,
762.66,
165.01,
275.82,
870.45,
11.72,
550.47,
989.24,
377.16,
210.77,
754.16,
478.36,
478.98,
385.38,
715.51,
550.76,
844.35,
666.00,
583.07,
439.75,
781.15,
574.36,
747.47,
721.25,
917.82,
539.09,
36.49,
864.12,
823.49,
274.06,
736.16,
530.77,
915.89,
686.89,
733.92,
648.61,
78.82,
498.37,
886.18,
718.86,
644.86,
356.46,
54.25,
678.66,
785.00,
701.72,
288.99,
5.05,
404.93,
327.73,
484.63,
747.87,
524.02,
261.83,
181.63,
942.89,
496.83,
475.45,
931.36,
84.30,
107.20,
360.80,
368.32,
948.27,
463.54,
211.11,
398.73,
391.27,
591.72,
351.50,
893.86,
541.14,
320.27,
339.22,
274.36,
464.08,
259.09,
959.95,
229.36,
255.26,
486.62,
407.80,
849.07,
248.29,
375.98,
848.81,
859.72,
966.38,
697.95,
137.24,
997.35,
566.23,
302.69,
55.26,
370.89,
530.59,
95.07,
58.99,
770.83,
758.16,
769.86,
106.41,
629.50,
712.14,
722.59,
290.13,
88.82,
900.10,
328.79,
87.58,
463.19,
14.92,
500.67,
656.26,
464.80,
636.19,
533.28,
408.11,
678.14,
259.65,
937.07,
19.27,
743.36,
522.45,
617.13,
830.46,
783.84,
719.61,
836.57,
96.64,
175.75,
510.90,
761.64,
474.43,
768.04,
680.21,
807.28,
631.21,
79.13,
417.72,
382.03,
525.95,
678.05,
328.11,
167.34,
230.20,
555.90,
45.97,
964.95,
660.88,
652.99,
854.20,
45.33,
114.14,
777.51,
708.68,
724.21,
44.34,
716.73,
900.92,
830.84,
222.60,
848.51,
343.79,
714.02,
644.99,
885.72,
728.46,
152.95,
101.74,
873.83,
698.02,
125.31,
992.20,
457.69,
813.35,
579.86,
112.47,
451.17,
554.65,
359.54,
903.50,
259.34,
270.04,
318.86,
43.83,
896.01,
3.54,
324.24,
163.36,
178.95,
681.05,
140.27,
628.25,
955.17,
956.56,
601.98,
843.08,
656.63,
668.09,
730.12,
714.69,
760.32,
415.66,
434.47,
605.32,
897.79,
293.47,
164.08,
441.37,
301.87,
107.31,
282.83,
253.42,
212.62,
938.16,
362.13,
736.47,
197.63,
683.59,
346.72,
772.57,
340.97,
608.18,
435.60,
541.35,
128.71,
517.63,
527.34,
975.87,
925.75,
994.80,
827.09,
957.62,
507.40,
187.76,
439.37,
761.76,
318.98,
296.50,
455.01,
247.61,
633.11,
649.87,
606.55,
830.71,
367.10,
487.43,
726.21,
528.68,
375.52,
200.41,
538.20,
41.91,
355.16,
457.36,
349.59,
834.00,
467.31,
905.88,
176.42,
32.30,
577.42,
955.97,
683.09,
361.94,
528.91,
978.34,
70.18,
758.83,
247.46,
118.60,
445.56,
747.09,
140.07,
684.99,
949.75,
570.22,
987.57,
174.86,
985.96,
540.23,
661.08,
95.65,
971.21,
906.37,
482.39,
833.34,
186.83,
719.69,
782.36,
821.32,
672.99,
445.29,
295.22,
332.23,
170.37,
887.83,
216.34,
877.75,
223.30,
92.45,
962.81,
491.79,
814.12,
966.11,
218.11,
730.09,
187.56,
425.57,
43.17,
236.74,
631.07,
629.22,
599.27,
47.92,
745.68,
949.61,
759.91,
429.14,
818.49,
460.66,
743.19,
701.00,
308.68,
630.06,
66.52,
540.03,
644.97,
24.48,
149.19,
780.41,
591.66,
139.55,
571.73,
882.96,
796.26,
492.18,
918.11,
690.07,
25.80,
863.32,
588.38,
283.96,
445.52,
162.26,
268.92,
629.68,
402.78,
824.53,
27.90,
610.03,
546.91,
606.54,
331.06,
420.12,
243.12,
816.53,
895.20,
557.37,
534.69,
782.83,
324.70,
559.84,
302.78,
126.60,
104.60,
948.24,
740.33,
304.26,
933.16,
864.20,
539.64,
95.60,
403.77,
85.25,
109.60,
715.32,
297.68,
346.60,
797.35,
895.11,
58.35,
63.77,
874.28,
178.60,
860.66,
223.60,
177.57,
436.58,
80.96,
963.02,
674.70,
413.16,
214.05,
164.64,
957.03,
178.94,
999.77,
610.60,
197.63,
161.86,
398.75,
900.44,
374.79,
954.42,
867.80,
837.30,
1.76,
684.19,
38.23,
855.03,
86.84,
728.97,
915.02,
890.50,
602.33,
283.07,
273.75,
639.31,
781.37,
672.40,
460.47,
578.57,
245.54,
468.91,
211.08,
973.46,
647.28,
872.32,
694.33,
464.21,
709.70,
407.91,
455.70,
504.20,
600.25,
815.96,
857.98,
741.11,
43.79,
94.44,
134.60,
761.26,
391.73,
870.12,
641.11,
133.65,
742.46,
423.90,
4.49,
803.19,
360.30,
379.14,
177.55,
819.43,
508.60,
861.47,
232.68,
224.30,
902.67,
471.58,
162.97,
326.74,
206.46,
8.64,
869.50,
490.12,
656.96,
891.65,
343.97,
807.82,
578.19,
386.00,
926.26,
852.70,
524.34,
595.10,
821.68,
214.01,
92.62,
764.71,
50.41,
861.87,
550.93,
253.33,
298.86,
752.38,
425.47,
250.72,
267.44,
944.43,
92.66,
459.24,
733.41,
146.43,
572.10,
155.29,
606.77,
814.68,
825.91,
170.97,
676.87,
751.45,
768.55,
10.69,
840.54,
759.87,
313.79,
606.74,
534.17,
